Neighborhood,Price,Bedrooms,Bathrooms,HouseSize,Description,NeighborhoodDescription
Green Oaks,259068,5,2,650,"Located in the sought-after Green Oaks neighborhood, this charming house boasts 5 spacious bedrooms and 2 bathrooms. With a price tag of $259,068, this home offers a perfect balance of affordability and comfort. The house spans 650 square feet, providing ample space for a growing family or those who love to entertain. The neighborhood is known for its lush greenery and peaceful atmosphere, making it a serene oasis to come home to. Don't miss the opportunity to make this house your own in the desirable Green Oaks neighborhood.","Green Oaks is a charming neighborhood located in the suburbs of a bustling city. The area is known for its top-rated schools, including Green Oaks Elementary and Green Oaks High School, providing excellent education opportunities for families. The neighborhood is dotted with cozy cafes and family-friendly restaurants, offering a variety of cuisines to choose from. The infrastructure in Green Oaks is well-maintained, with tree-lined streets, parks, and community centers that provide ample opportunities for outdoor activities and social gatherings. Overall, Green Oaks is a peaceful and welcoming neighborhood with a strong sense of community."
Green Oaks,1928060,2,1,2630,"Nestled in the prestigious Green Oaks neighborhood, this charming house boasts a price tag of $1,928,060. With 2 cozy bedrooms and 1 luxurious bathroom, this home offers a perfect balance of comfort and elegance. The spacious 2630 square feet of living space provides ample room for both relaxation and entertainment. The lush green surroundings of Green Oaks enhance the tranquility of this beautiful abode, making it the perfect retreat for those seeking a peaceful and upscale living experience.","Green Oaks is a charming neighborhood located in the suburbs of a bustling city. The area is known for its top-rated schools, including Green Oaks Elementary and Green Oaks High School, providing excellent education opportunities for families. The neighborhood is dotted with cozy cafes and family-friendly restaurants, offering a variety of cuisines to choose from. The infrastructure in Green Oaks is well-maintained, with tree-lined streets, parks, and community centers that provide ample opportunities for outdoor activities and social gatherings. Overall, Green Oaks is a peaceful and welcoming neighborhood with a strong sense of community."
Green Oaks,144769,3,2,509,"Nestled in the charming Green Oaks neighborhood, this cozy house is the perfect blend of comfort and affordability. Priced at $144,769, this home boasts three bedrooms and two bathrooms, providing ample space for a small family or individuals looking for a peaceful retreat.

With a house size of 509 square feet, this property offers a manageable living space with a cozy atmosphere. The exterior of the house features a quaint front porch and a well-maintained lawn, perfect for enjoying the fresh air and peaceful surroundings of the Green Oaks neighborhood.

Inside, the house is thoughtfully designed with a functional layout that maximizes the use of space. The bedrooms are spacious and bright, offering a relaxing retreat at the end of the day. The bathrooms are modern and well-appointed, providing convenience and comfort for the residents.

Overall, this house in Green Oaks is a charming and affordable option for those looking to settle down in a peaceful and welcoming neighborhood. With its convenient location and cozy living spaces, this property is sure to make a wonderful home for its future owners.","Green Oaks is a charming neighborhood located in the suburbs of a bustling city. The area is known for its top-rated schools, including Green Oaks Elementary and Green Oaks High School, providing excellent education opportunities for families. The neighborhood is dotted with cozy cafes and family-friendly restaurants, offering a variety of cuisines to choose from. The infrastructure in Green Oaks is well-maintained, with tree-lined streets, parks, and community centers that provide ample opportunities for outdoor activities and social gatherings. Overall, Green Oaks is a peaceful and welcoming neighborhood with a strong sense of community."
Blue Lagoon,1668834,5,2,1873,"Nestled in the picturesque Blue Lagoon neighborhood, this stunning house is a true gem. With a price tag of $1,668,834, this spacious home boasts 5 bedrooms and 2 bathrooms, making it perfect for a growing family or those who love to entertain. The house size is a generous 1873 square feet, providing ample space for both relaxation and gatherings. The exterior of the house exudes charm with its lush landscaping and inviting front porch. Inside, the interior is bright and airy, with large windows that let in plenty of natural light. The bedrooms are cozy and well-appointed, while the bathrooms are modern and luxurious. This house in Blue Lagoon is truly a dream home for those seeking comfort and style in a vibrant neighborhood.","Blue Lagoon is a vibrant neighborhood located near a picturesque lagoon, known for its peaceful atmosphere and stunning views. The area is home to several top-rated schools, making it a popular choice for families with children. There are also plenty of charming cafes and restaurants serving a variety of cuisine, from cozy brunch spots to upscale dining options. The infrastructure in Blue Lagoon is well-maintained, with clean streets, well-lit sidewalks, and easy access to public transportation. Overall, Blue Lagoon offers a perfect blend of residential charm and urban convenience."
Green Oaks,738052,1,1,3293,"Nestled in the charming neighborhood of Green Oaks, this quaint house boasts a price tag of $738,052. The cozy home features one spacious bedroom and one luxurious bathroom, perfect for a single individual or a couple looking for a peaceful retreat. With a generous house size of 3293 square feet, there is ample room for comfortable living and entertaining guests. The house in Green Oaks exudes a sense of tranquility and charm, making it the ideal sanctuary for those seeking a serene and inviting living space.","Green Oaks is a charming neighborhood located in the suburbs of a bustling city. The area is known for its top-rated schools, including Green Oaks Elementary and Green Oaks High School, providing excellent education opportunities for families. The neighborhood is dotted with cozy cafes and family-friendly restaurants, offering a variety of cuisines to choose from. The infrastructure in Green Oaks is well-maintained, with tree-lined streets, parks, and community centers that provide ample opportunities for outdoor activities and social gatherings. Overall, Green Oaks is a peaceful and welcoming neighborhood with a strong sense of community."
Silver City,498488,2,1,3849,"Nestled in the charming neighborhood of Silver City, this cozy house is a perfect blend of comfort and style. Priced at $498,488, this home features 2 bedrooms and 1 bathroom, making it ideal for a small family or a couple looking for a peaceful retreat.

With a spacious house size of 3849 square feet, there is plenty of room for relaxation and entertainment. The interior boasts an open floor plan, allowing for seamless flow between the living room, dining area, and kitchen. The bedrooms are bright and airy, providing a serene space to unwind after a long day.

The exterior of the house is equally inviting, with a well-maintained lawn and a charming front porch where you can enjoy your morning coffee or watch the sunset. Located in the desirable Silver City neighborhood, this house offers the perfect combination of tranquility and convenience. Don't miss the opportunity to make this house your new home.","Silver City is a bustling neighborhood with a mix of residential and commercial areas. The local schools in the area are highly rated, offering quality education to students. There are several cozy cafes where residents can enjoy a cup of coffee or catch up with friends. The neighborhood also boasts a diverse range of restaurants, catering to various culinary preferences. In terms of infrastructure, Silver City has well-maintained roads and public transportation options, making it easy for residents to navigate the area. Overall, Silver City is a vibrant and welcoming community with plenty of amenities for its residents to enjoy."
Silver City,147717,2,1,3034,"Nestled in the charming neighborhood of Silver City, this quaint house is the perfect blend of comfort and affordability. Priced at $147,717, this home features 2 cozy bedrooms and 1 spacious bathroom, making it ideal for a small family or a couple looking to settle down.

With a generous house size of 3034 square feet, there is plenty of room to relax and unwind. The open floor plan allows for easy flow between the living room, kitchen, and dining area, creating a welcoming and inviting atmosphere.

The exterior of the house boasts a well-maintained lawn and a front porch perfect for enjoying a morning cup of coffee or evening sunset. Located in the heart of Silver City, residents can enjoy the nearby parks, shops, and restaurants that make this neighborhood so desirable.

Overall, this house in Silver City offers a cozy and affordable living space that is sure to make any homeowner feel right at home.","Silver City is a bustling neighborhood with a mix of residential and commercial areas. The local schools in the area are highly rated, offering quality education to students. There are several cozy cafes where residents can enjoy a cup of coffee or catch up with friends. The neighborhood also boasts a diverse range of restaurants, catering to various culinary preferences. In terms of infrastructure, Silver City has well-maintained roads and public transportation options, making it easy for residents to navigate the area. Overall, Silver City is a vibrant and welcoming community with plenty of amenities for its residents to enjoy."
Green Oaks,709467,1,1,3682,"Nestled in the charming neighborhood of Green Oaks, this cozy house boasts a price tag of $709,467. With one bedroom and one bathroom, this quaint home offers a peaceful retreat for its inhabitants. Despite its compact size, the house spans an impressive 3,682 square feet, providing ample space for comfortable living. The lush surroundings of Green Oaks add to the appeal of this charming abode, making it a perfect sanctuary for those seeking a tranquil and serene living environment.","Green Oaks is a charming neighborhood located in the suburbs of a bustling city. The area is known for its top-rated schools, including Green Oaks Elementary and Green Oaks High School, providing excellent education opportunities for families. The neighborhood is dotted with cozy cafes and family-friendly restaurants, offering a variety of cuisines to choose from. The infrastructure in Green Oaks is well-maintained, with tree-lined streets, parks, and community centers that provide ample opportunities for outdoor activities and social gatherings. Overall, Green Oaks is a peaceful and welcoming neighborhood with a strong sense of community."
Silver City,1262012,1,1,3061,"Nestled in the charming neighborhood of Silver City, this one-bedroom, one-bathroom house exudes a sense of elegance and sophistication. Priced at $1,262,012, this spacious home boasts a generous house size of 3,061 square feet, providing ample room for comfortable living. The exterior features a classic yet modern design with a well-manicured front yard and a welcoming porch. Inside, the house is beautifully appointed with high ceilings, large windows that flood the space with natural light, and luxurious finishes throughout. The open-concept living area seamlessly flows into the gourmet kitchen, complete with high-end appliances and a breakfast bar. The bedroom is a peaceful retreat, offering plenty of space and a stylish en-suite bathroom. Whether enjoying a quiet evening at home or entertaining guests, this house in Silver City is the perfect blend of luxury and charm.","Silver City is a bustling neighborhood with a mix of residential and commercial areas. The local schools in the area are highly rated, offering quality education to students. There are several cozy cafes where residents can enjoy a cup of coffee or catch up with friends. The neighborhood also boasts a diverse range of restaurants, catering to various culinary preferences. In terms of infrastructure, Silver City has well-maintained roads and public transportation options, making it easy for residents to navigate the area. Overall, Silver City is a vibrant and welcoming community with plenty of amenities for its residents to enjoy."
Blue Lagoon,1672204,2,2,2305,"Nestled in the exclusive Blue Lagoon neighborhood, this stunning house is a rare find. With a price tag of $1,672,204, this luxurious home boasts 2 spacious bedrooms and 2 beautifully designed bathrooms. The house spans an impressive 2,305 square feet, providing ample space for comfortable living. From the elegant exterior to the tastefully decorated interior, every inch of this house exudes sophistication and style. The Blue Lagoon neighborhood offers a tranquil and upscale living environment, making this house the perfect retreat for those seeking a blend of luxury and serenity.","Blue Lagoon is a vibrant neighborhood located near a picturesque lagoon, known for its peaceful atmosphere and stunning views. The area is home to several top-rated schools, making it a popular choice for families with children. There are also plenty of charming cafes and restaurants serving a variety of cuisine, from cozy brunch spots to upscale dining options. The infrastructure in Blue Lagoon is well-maintained, with clean streets, well-lit sidewalks, and easy access to public transportation. Overall, Blue Lagoon offers a perfect blend of residential charm and urban convenience."
